Comment,Designator,Footprint,LCSC Part #,MPN,JLC type,Description,JLC stock (2026-09-06)
TYPE-C-31-M-12,"J1,J2",USB_C_Receptacle_HRO_TYPE-C-31-M-12,C165948,TYPE-C-31-M-12,Extended,USB-C receptacle 16P (power input),295816
5A,F1,Fuse_1206_3216Metric,C48332,SF-1206F500-2,Extended,5 A fast-acting 1206 fuse (Bourns),10183
SMBJ24A,D1,D_SMB,C87268,SMBJ24A,Extended,"VBUS TVS, cathode (band) to VBUS",31850
10uF/50V,"C1,C2,C5,C11,C17,C67,C69",C_1206_3216Metric,C13585,,Basic,,3886433
100uF/35V,"C3,C8,C14,C20,C96,C70",CP_Elec_6.3x7.7,C3339,,Extended,,45052
CH224K,U1,ESSOP-10-1EP_3.9x4.9mm_P1.0mm,C970725,CH224K,Extended,USB PD sink controller,3137
5.1k,"R1,R21",R_0603_1608Metric,C23186,,Basic,,24366811
1k/0.25W,R2,R_1206_3216Metric,C4410,,Basic,,3103095
1uF,"C4,C32,C54,C55,C57,C58,C59,C60",C_0603_1608Metric,C15849,,Basic,,9141046
10k,"R3,R11,R47,R17,R22,R23,R25,R35,R36,R37,R42,R43,R44",R_0603_1608Metric,C25804,,Basic,,32438109
KT-0805G,"D2,D3,D5",LED_0805_2012Metric,C2297,KT-0805G,Basic,,1844100
470R,"R4,R26,R29,R41",R_0603_1608Metric,C23179,,Basic,,7850550
TPS5430,"U2,U3,U4",TI_SO-PowerPAD-8_ThermalVias,C9864,TPS5430DDAR,Basic,3A buck -> 5V_SYS,149924
100nF,"C6,C10,C12,C16,C18,C22,C25,C26,C29,C30,C31,C34,C35,C43,C45,C47,C48,C61,C75,C76,C78,C79,C80,C81,C82,C83,C84,C85,C86,C87,C88,C89,C90,C91,C93,C94,C95",C_0603_1608Metric,C14663,,Basic,,65400153
10nF,"C7,C13,C19",C_0603_1608Metric,C57112,,Basic,,9208836
SS34,"D7,D8,D9,D6",D_SMA,C8678,SS34,Basic,,5300408
10uH 7.8A,"L1,L2,L3",L_Sunlord_MWSA1004S,C408487,MWSA1004S-100MT,Extended,,8080
22uF/25V,"C9,C15,C21,C23,C24",C_1206_3216Metric,C12891,,Basic,,1473417
15k,"R5,R7,R9",R_0603_1608Metric,C22809,,Basic,,5368460
4.7k,"R6,R8,R10,R38,R39",R_0603_1608Metric,C23162,,Basic,,28145041
AMS1117-3.3,U5,SOT-223-3_TabPin2,C6186,AMS1117-3.3,Basic,,1493311
10uF,"C27,C28,C33,C38,C39,C40,C41,C42,C44,C46,C49,C77,C92",C_0603_1608Metric,C96446,,Basic,,4908933
330R,"R13,R40",R_0603_1608Metric,C23138,,Basic,,4491301
AO3401A,"Q4,Q1",SOT-23,C15127,AO3401A,Basic,PWR LED buffer,715738
100k,"R14,R33,R46",R_0603_1608Metric,C25803,,Basic,,25165711
PWR (red),D4,LED_0603_1608Metric,C2286,KT-0603R,Basic,,4584108
1k,R15,R_0603_1608Metric,C21190,,Basic,,29352441
B-2100S02P-A110,"J13,J14,J18,J19,J20",PinHeader_1x02_P2.54mm_Vertical,C124375,B-2100S02P-A110,Extended,,182578
B-2100S03P-A110,"J15,J8",PinHeader_1x03_P2.54mm_Vertical,C124376,B-2100S03P-A110,Extended,,18108
Expansion,J16,PinHeader_2x08_P2.54mm_Vertical,C492425,PZ254V-12-16P,Extended,,29777
TS-1187A-B-A-B,"SW4,SW1,SW2,SW3",SW_Push_1P1T_XKB_TS-1187A,C318884,TS-1187A-B-A-B,Basic,,860979
220R,R16,R_0603_1608Metric,C22962,,Basic,,2214404
TS3USB221,"U6,U7",Texas_UQFN-10_1.5x2mm_P0.5mm,C130085,TS3USB221RSER,Extended,USB 2.0 2:1 mux,36241
2N7002,"Q5,Q2",SOT-23,C8545,2N7002,Basic,nRPIBOOT inverter for U6 select,2245681
CH334R,U8,QSOP-16_3.9x4.9mm_P0.635mm,C4154405,CH334R,Extended,USB 2.0 4-port hub,26952
12MHz,Y1,Crystal_SMD_3225-4Pin_3.2x2.5mm,C9002,X322512MSB4SI,Basic,,142602
22k,"R18,R19,R27,R30",R_0603_1608Metric,C31850,,Basic,,4382672
USBLC6-2SC6,"U9,U11",SOT-23-6,C7519,USBLC6-2SC6,Extended,,48108
SY6280AAC,"U10,U12",SOT-23-5,C55136,SY6280AAC,Extended,USB-C #2 power switch 1.3A,32462
3.9k,R20,R_0603_1608Metric,C23018,,Basic,,1171777
USB-A,J3,USB_A_Molex_67643_Horizontal,C2346,901-211A1021D10100,Extended,,33420
B-2100S04P-A110,"J4,J5,J12",PinHeader_1x04_P2.54mm_Vertical,C124378,B-2100S04P-A110,Extended,,105951
"1.0-15PContact,Bottom","J6,J7",FPC_15P_1.0mm_BottomContact_RA,C66660,"1.0-15PContact,Bottom",Extended,"15-pin 1.0mm FPC, bottom contact, right angle (BOOMELE)",3138
microSD,J9,microSD_HC_Molex_104031-0811,C585350,104031-0811,Extended,,13273
PCM5102A,U13,TSSOP-20_4.4x6.5mm_P0.65mm,C107671,PCM5102APWR,Extended,I2S stereo DAC,10504
10R,"R24,R34",R_0603_1608Metric,C22859,,Basic,,9636923
2.2uF,"C50,C51,C52",C_0603_1608Metric,C23630,,Basic,,3821265
2.2nF,"C53,C56",C_0603_1608Metric,C1604,,Basic,,1417575
6.8k,"R28,R31",R_0603_1608Metric,C23212,,Basic,,2243339
TPA3118D2,U14,HTSSOP-32-1EP_6.1x11mm_P0.65mm_EP5.2x11mm_Mask4.11x4.36mm_ThermalVias,C46497,TPA3118D2DAPR,Extended,Stereo class-D amplifier,39991
20k,R32,R_0603_1608Metric,C4184,,Basic,,7878441
220nF,"C62,C63,C64,C65",C_0603_1608Metric,C21120,,Basic,,1068539
1nF,"C66,C68",C_0603_1608Metric,C1588,,Basic,,10301799
10uH 2.1A,"L4,L5,L6,L7",L_Sunlord_SWPA5040S,C84608,SWPA5040S100MT,Extended,,72976
1uF/50V,"C71,C72,C73,C74",C_0805_2012Metric,C28323,,Basic,,3981237
S2B-PH-K-S,"J10,J11,J21",JST_PH_S2B-PH-K_1x02_P2.00mm_Horizontal,C173752,S2B-PH-K-S,Extended,,29753
ICS-43434,"U15,U16",InvenSense_ICS-43434-6_3.5x2.65mm,C5656610,ICS-43434,Extended,I2S MEMS mic LEFT,4500
SCD40,U17,Sensirion_SCD4x-1EP_10.1x10.1mm_P1.25mm_EP4.8x4.8mm,C3659421,SCD40-D-R2,Extended,CO2 sensor,3075
BME688,U18,Bosch_LGA-8_3x3mm_P0.8mm_ClockwisePinNumbering,C3664478,BME688,Extended,Temp/humidity/pressure/VOC,1339
74AHCT1G125,U19,SOT-23-5,C7484,SN74AHCT1G125DBVR,Extended,3.3->5V level shifter,26202
WS2812B,"D10,D11,D12,D13,D14,D15,D16,D17,D18,D19",LED_WS2812B_PLCC4_5.0x5.0mm_P3.2mm,C2761795,WS2812B-B/T,Extended,,167528
LED strip ext,J17,JST_PH_S3B-PH-K_1x03_P2.00mm_Horizontal,C157929,S3B-PH-K-S,Extended,,155016
AO3400A,Q3,SOT-23,C20917,AO3400A,Basic,,964371
100R,R45,R_0603_1608Metric,C22775,,Basic,,13946107
DF40C-100DS-0.4V(51),"M1A,M1B",Hirose_DF40C-100DS-0.4V,C597931,DF40C-100DS-0.4V(51),Extended,"CM4 socket, 100-pin 0.4 mm, 1.5 mm stack (genuine Hirose; low stock, may be pre-order)",25
